base_tests.decrypt_test01,PASSED,5
base_tests.decrypt_test02,PASSED,5
base_tests.null_cipher_decrypt_test01,PASSED,5
base_tests.null_cipher_decrypt_test02,PASSED,5
base_tests.transposition_cipher_decrypt_test01,PASSED,5
base_tests.transposition_cipher_decrypt_test02,PASSED,5
grading_tests.decrypt_test03,PASSED,5
grading_tests.null_cipher_decrypt_test03,PASSED,5
grading_tests.regconv_decrypt_test01,PASSED,1
grading_tests.regconv_decrypt_test02,PASSED,1
grading_tests.regconv_decrypt_test03,PASSED,1
grading_tests.regconv_null_cipher_decrypt_test01,PASSED,1
grading_tests.regconv_null_cipher_decrypt_test02,PASSED,1
grading_tests.regconv_null_cipher_decrypt_test03,PASSED,1
grading_tests.regconv_transposition_cipher_decrypt_test01,PASSED,1
grading_tests.regconv_transposition_cipher_decrypt_test02,PASSED,1
grading_tests.regconv_transposition_cipher_decrypt_test03,PASSED,1
grading_tests.transposition_cipher_decrypt_test03,PASSED,5
grading_tests.trash_registers_decrypt_test01,PASSED,1
grading_tests.trash_registers_decrypt_test02,PASSED,1
grading_tests.trash_registers_decrypt_test03,PASSED,1
grading_tests.trash_registers_null_cipher_decrypt_test01,PASSED,1
grading_tests.trash_registers_null_cipher_decrypt_test02,PASSED,1
grading_tests.trash_registers_null_cipher_decrypt_test03,PASSED,1
grading_tests.trash_registers_transposition_cipher_decrypt_test01,PASSED,1
grading_tests.trash_registers_transposition_cipher_decrypt_test02,PASSED,1
grading_tests.trash_registers_transposition_cipher_decrypt_test03,PASSED,1
TOTAL,,63
